"row_id","truth","original_xgboost","smote_ann","weighted_xgboost"
1,"Yes",0.0987468883395195,0.779385564890762,0.0796238854527473
2,"No",0.0515551008284092,0.00650872319267712,0.0546776466071606
3,"No",0.0566808320581913,0.167357273278069,0.0707275494933128
4,"No",0.356340646743774,0.989583859719004,0.437071442604065
5,"No",0.361585199832916,0.703153337070892,0.4052874147892
6,"No",0.0779349803924561,0.10274379505321,0.0884034931659698
7,"No",0.249249666929245,0.779388614326557,0.245271876454353
8,"Yes",0.278495967388153,0.101586768374814,0.202243730425835
9,"No",0.151336938142776,0,0.144244462251663
10,"No",0.0738810151815414,0.0453470283533072,0.0901762321591377
11,"No",0.119132526218891,0.00427603014936234,0.0987509191036224
12,"No",0.159524396061897,0.989583859719004,0.161586344242096
13,"No",0.117512606084347,0.44184177474713,0.106854498386383
14,"No",0.0768698453903198,0.119878672012333,0.0912233665585518
15,"No",0.0698497146368027,0.0121739842816536,0.061757754534483
16,"No",0.101700365543365,0.0697598012822033,0.0905633866786957
17,"No",0.0682524591684341,0.20172878430815,0.0743327587842941
18,"No",0.0812336280941963,0,0.0768618658185005
19,"No",0.0684915110468864,0,0.0728640109300613
20,"No",0.071506068110466,0.00427603014936234,0.0649589821696281
21,"No",0.0841916352510452,0,0.107643276453018
22,"No",0.0782041251659393,0.757149647267899,0.0920369029045105
23,"No",0.108158759772778,0.167357273278069,0.0976129099726677
24,"No",0.102765269577503,0.00427603014936234,0.104696333408356
25,"No",0.0742938667535782,0.0121713898005436,0.0855706036090851
26,"No",0.30216059088707,0.846541581688395,0.249156415462494
27,"No",0.0523394234478474,0,0.0478259287774563
28,"No",0.0622837319970131,0.167357273278069,0.0783179104328156
29,"No",0.114989727735519,0.10274379505321,0.140333235263824
30,"No",0.10808090865612,0.011234988179322,0.122026294469833
31,"No",0.121914312243462,0.10274379505321,0.136608555912971
32,"No",0.200220197439194,0,0.171601802110672
33,"No",0.140047416090965,0.167357273278069,0.117924191057682
34,"No",0.128238573670387,0.20172902990269,0.123758710920811
35,"Yes",0.0855430141091347,0.211962442056265,0.0858749374747276
36,"No",0.0701156482100487,0,0.0642521604895592
37,"No",0.122663855552673,0.167357273278069,0.154365316033363
38,"No",0.0930534601211548,0.125176248117358,0.0894415900111198
39,"Yes",0.139542743563652,0,0.137444466352463
40,"No",0.186825081706047,0.703738174350784,0.157638236880302
41,"No",0.103712938725948,0.00427603014936234,0.10444188117981
42,"No",0.11181478202343,0.167357273278069,0.108409643173218
43,"No",0.0770812928676605,0.0109858144476698,0.10400029271841
44,"Yes",0.0705958679318428,0.00427603014936234,0.0588888227939606
45,"No",0.236090362071991,0.352116525845324,0.221554398536682
46,"No",0.0782263651490211,0,0.0782313644886017
47,"No",0.0900513976812363,0.10274379505321,0.0816542208194733
48,"No",0.439979374408722,0.669687849168934,0.415986686944962
49,"No",0.0685567185282707,0.119887757788657,0.0689788609743118
50,"No",0.137711107730865,0,0.127417877316475
51,"No",0.115252450108528,0.00427603014936234,0.115594960749149
52,"No",0.0906288549304008,0.167357273278069,0.102108471095562
53,"No",0.151848241686821,0.120662124314503,0.157834336161613
54,"No",0.114134684205055,0.227118444719195,0.0979093983769417
55,"No",0.314085721969604,0.755897902157261,0.260757863521576
56,"No",0.0780991390347481,0,0.0753481313586235
57,"No",0.106872737407684,0.44184177474713,0.130354166030884
58,"Yes",0.067383773624897,0,0.0673289149999619
59,"No",0.105419911444187,0.321057953501668,0.109265714883804
60,"No",0.154108688235283,0.211954743398069,0.16673432290554
61,"No",0.14186604321003,0.897500076404427,0.119721010327339
62,"No",0.0717145055532455,0.10274379505321,0.0756017193198204
63,"No",0.137136712670326,0.291912322920436,0.132287800312042
64,"No",0.0931508913636208,0.201209009491039,0.0819913744926453
65,"No",0.230294093489647,1,0.237392216920853
66,"Yes",0.145288020372391,0,0.141870260238647
67,"No",0.0724117681384087,0.0109868025750999,0.0774258151650429
68,"No",0.0862832441926003,0.102748684573969,0.0708675161004066
69,"Yes",0.0850718766450882,0.20172878430815,0.0940665826201439
70,"No",0.0935386493802071,0.012171202487659,0.100377209484577
71,"No",0.166512623429298,0.0109868025750999,0.180725708603859
72,"No",0.0969191789627075,0.701711367738755,0.0909392163157463
73,"No",0.0893125310540199,0.167357273278069,0.0983569547533989
74,"No",0.148410126566887,0.44184177474713,0.130895391106606
75,"No",0.116778425872326,0.211954743398069,0.127132192254066
76,"No",0.0739164054393768,0.00650886404127374,0.064031645655632
77,"No",0.258312255144119,0.352116525845324,0.238635912537575
78,"Yes",0.140141412615776,0.804499172614522,0.125959619879723
79,"No",0.150263801217079,0.44184177474713,0.13230088353157
80,"No",0.0586378909647465,0,0.0492702461779118
81,"No",0.0802658572793007,0.0109959560565337,0.0962867140769958
82,"No",0.168909698724747,0.897500076404427,0.17808011174202
83,"No",0.081249825656414,0,0.0950881764292717
84,"No",0.0692219287157059,0.44184177474713,0.0884987413883209
85,"No",0.543833017349243,0.989583859719004,0.503605902194977
86,"Yes",0.101067759096622,0.0117418527655142,0.0913325995206833
87,"No",0.143237575888634,0.119887757788657,0.127229943871498
88,"No",0.0883045122027397,0.0227609836583595,0.0914783999323845
89,"No",0.109798438847065,0,0.131133243441582
90,"No",0.445629954338074,0.853203508232052,0.374540120363235
91,"No",0.354488849639893,0.985474997422701,0.420720905065536
92,"Yes",0.0657776743173599,0,0.0688556358218193
93,"Yes",0.122953981161118,0.012171202487659,0.146810755133629
94,"No",0.206069618463516,0.881120053129504,0.221004530787468
95,"No",0.103143751621246,0.00427603014936234,0.0958064571022987
96,"No",0.227617546916008,0.0616633678852676,0.273445844650269
97,"No",0.0733454897999763,0,0.0582307018339634
98,"No",0.139099478721619,0.701717575125249,0.130706712603569
99,"No",0.084203727543354,0,0.0892972871661186
100,"No",0.236123591661453,0.989583859719004,0.223543658852577
101,"No",0.0931024476885796,0.00427603014936234,0.0978294536471367
102,"No",0.348077684640884,0.669687849168934,0.29134863615036
103,"No",0.104707442224026,0.103244035755573,0.126314982771873
104,"No",0.108495146036148,0,0.112630933523178
105,"No",0.106031805276871,0.129757965077081,0.0815356075763702
106,"No",0.0842443332076073,0.167357273278069,0.0791230946779251
107,"No",0.127667218446732,0.441840232188614,0.126365944743156
108,"No",0.0698872581124306,0,0.0763425976037979
109,"No",0.326884329319,0.352116525845324,0.329423278570175
110,"Yes",0.115578077733517,0,0.124953731894493
111,"No",0.168039262294769,0.806919189590027,0.169589638710022
112,"No",0.208734020590782,0.755897902157261,0.207265883684158
113,"No",0.0556089356541634,0.20172878430815,0.0682466849684715
114,"No",0.115485623478889,0.00054133794915583,0.100634694099426
115,"No",0.232102453708649,0.660192305753883,0.136907756328583
116,"Yes",0.151010736823082,0.00427603014936234,0.163657248020172
117,"No",0.0640493482351303,0.211477663378126,0.0691334381699562
118,"No",0.289094746112823,0.669687849168934,0.248592883348465
119,"Yes",0.0844869092106819,0.20172878430815,0.0894523337483406
120,"No",0.092979721724987,0.211954743398069,0.0891890823841095
121,"No",0.0714166834950447,0.806919189590027,0.0790354609489441
122,"No",0.0609778873622417,0.10274379505321,0.0668647885322571
123,"No",0.0920015424489975,0.00427603014936234,0.0872881934046745
124,"No",0.134659484028816,0.806919189590027,0.148818373680115
125,"No",0.0775819569826126,0,0.0876504927873611
126,"No",0.133730620145798,0.985482791162032,0.154406130313873
127,"No",0.0680776238441467,0.10274379505321,0.0789201855659485
128,"No",0.169411346316338,0,0.184795066714287
129,"No",0.0820406153798103,0,0.111398428678513
130,"Yes",0.116989091038704,0.837959957227372,0.124227218329906
131,"No",0.128135457634926,0.00427603014936234,0.138256922364235
132,"Yes",0.134917855262756,0.998079753683476,0.12633752822876
133,"No",0.105898231267929,0.0109870092560743,0.109889850020409
134,"Yes",0.0741362944245338,0.806919189590027,0.0760652720928192
135,"No",0.0620180852711201,0.10274379505321,0.068877786397934
136,"No",0.0691853314638138,0.441685757402905,0.0600905567407608
137,"No",0.080913320183754,0.761028463093529,0.0938332378864288
138,"No",0.24472776055336,0.669687849168934,0.245496228337288
139,"No",0.0936273485422134,0.989460444901952,0.108232654631138
140,"No",0.164059102535248,0.575427843411858,0.20523627102375
141,"No",0.0546387694776058,0.00650872319267712,0.063600093126297
142,"No",0.091057613492012,0.846839910778783,0.102404952049255
143,"No",0.0760320872068405,0.701707228692342,0.0793921500444412
144,"No",0.0894672647118568,0.855110976537588,0.0915495008230209
145,"No",0.0742828026413918,0,0.0643778294324875
146,"No",0.148675814270973,0.669687849168934,0.171863943338394
147,"Yes",0.245114549994469,0.669687849168934,0.327250301837921
148,"No",0.147830381989479,0.859519627661448,0.163146331906319
149,"No",0.11609398573637,0.119887757788657,0.125282138586044
150,"Yes",0.107031874358654,0.669687849168934,0.129409968852997
151,"No",0.0915549471974373,0,0.0764986574649811
152,"No",0.116926223039627,0.44185291362352,0.0998800322413445
153,"No",0.0677338615059853,0.10274379505321,0.0629283785820007
154,"No",0.145793169736862,0,0.146382242441177
155,"No",0.0945841297507286,0.00427603014936234,0.0940003544092178
156,"No",0.0887291431427002,0,0.0855802446603775
157,"No",0.121392413973808,0.211954743398069,0.144393622875214
158,"No",0.0566817857325077,0.167357273278069,0.0602632574737072
159,"No",0.122487396001816,0.859519627661448,0.136380851268768
160,"No",0.108501896262169,0.00427603014936234,0.0910995677113533
161,"No",0.0908614918589592,0,0.09571523219347
162,"No",0.131314441561699,0,0.117735639214516
163,"No",0.116741418838501,0.00427603014936234,0.0954176038503647
164,"No",0.1179309040308,0.20172878430815,0.126716583967209
165,"No",0.0956965014338493,0.102508194071891,0.0998508557677269
166,"No",0.184329673647881,0.992084444034929,0.159570097923279
167,"No",0.0650603398680687,1,0.0655075684189796
168,"No",0.0616172067821026,0.20172878430815,0.0679268464446068
169,"No",0.0703611597418785,0,0.0825657546520233
170,"No",0.116413377225399,0.761887497104353,0.122620761394501
171,"No",0.0812495201826096,0.012171202487659,0.0923807471990585
172,"No",0.103871405124664,0.669687849168934,0.101497955620289
173,"No",0.0882517620921135,0.359612336735388,0.0935492217540741
174,"No",0.0966915413737297,0.20172878430815,0.104840435087681
175,"No",0.115991331636906,0.352116525845324,0.118849046528339
176,"Yes",0.0989961251616478,0.0430140438043911,0.116002328693867
177,"No",0.169618383049965,0.846541581688395,0.226308554410934
178,"No",0.0875989347696304,0,0.0942336246371269
179,"No",0.0673000440001488,0.119887757788657,0.0692082718014717
180,"No",0.0741303265094757,0,0.0805756002664566
181,"No",0.193286821246147,0.77887065729907,0.159546568989754
182,"No",0.0762173384428024,0.729569757689489,0.101708203554153
183,"No",0.0911063626408577,0.00427603014936234,0.0817713886499405
184,"No",0.187821835279465,1.46298471549531e-05,0.166974112391472
185,"No",0.0584224909543991,0,0.0583390407264233
186,"No",0.143171399831772,0.701274053096814,0.144046485424042
187,"No",0.076240174472332,0.10274379505321,0.088792473077774
188,"No",0.154133439064026,0.701717575125249,0.184173718094826
189,"No",0.110560193657875,0,0.101037763059139
190,"Yes",0.11894965916872,0.846573000922418,0.106165498495102
191,"No",0.132442504167557,0,0.12786553800106
192,"Yes",0.194473519921303,0.119887757788657,0.21444921195507
193,"No",0.0775012895464897,0.682640297039337,0.0824641361832619
194,"No",0.144543632864952,0.787374512971673,0.169926062226295
195,"No",0.166184902191162,0.167357273278069,0.151653662323952
196,"No",0.0985149592161179,0,0.0817979723215103
197,"No",0.230188935995102,0.846541581688395,0.303497850894928
198,"No",0.423746079206467,0.998079753683476,0.302212059497833
199,"No",0.0577613189816475,0.167357273278069,0.0656588599085808
200,"No",0.0831951498985291,0.806863935306233,0.109351225197315
201,"Yes",0.16604271531105,0.859519627661448,0.198315426707268
202,"No",0.103093944489956,0.20172878430815,0.121708519756794
203,"No",0.0743447169661522,0.167357273278069,0.0731406807899475
204,"No",0.112937659025192,0.201726940113559,0.106335632503033
205,"No",0.0995800197124481,0.0616595742623876,0.100414223968983
206,"No",0.0859641656279564,0.701542895863518,0.0770337805151939
207,"Yes",0.117136687040329,0,0.130386561155319
208,"Yes",0.118602059781551,0.700590670172265,0.112496793270111
209,"No",0.248930692672729,0.0616633678852676,0.304385840892792
210,"No",0.0712970420718193,0.00427603014936234,0.0770777836441994
211,"No",0.0968983843922615,0.10274379505321,0.0998778194189072
212,"No",0.179830268025398,0.177394519984657,0.149767622351646
213,"No",0.0886123701930046,0.670528591206527,0.0997586846351624
214,"No",0.067022405564785,0.992094175769789,0.0710345506668091
215,"No",0.0825684815645218,0.702135247152456,0.07038713991642
216,"No",0.0506216436624527,0.20172878430815,0.0482040643692017
217,"No",0.0631063878536224,0.00427603014936234,0.065024122595787
218,"No",0.116835169494152,0.00650872319267712,0.103158861398697
219,"No",0.157317534089088,0.897500076404427,0.172638207674026
220,"Yes",0.130748435854912,0.979162389058315,0.141674339771271
221,"No",0.0840506479144096,0,0.0777358934283257
222,"No",0.111454717814922,0.841619983080651,0.0905679166316986
223,"No",0.0617742724716663,0.00427603014936234,0.0564108155667782
224,"No",0.0714851766824722,0.749996834544353,0.0757328644394875
225,"No",0.0586450733244419,0.129626100168434,0.0663870200514793
226,"No",0.153348743915558,0.0109868025750999,0.177958220243454
227,"No",0.110245458781719,0.00427603014936234,0.108678542077541
228,"Yes",0.656872093677521,0.904754463466559,0.593797504901886
229,"No",0.10369884967804,0.00650872319267712,0.0972558483481407
230,"Yes",0.110477574169636,1,0.114553928375244
231,"No",0.0612912997603416,0.00650872319267712,0.0685310363769531
232,"Yes",0.183110475540161,0.897500076404427,0.155013218522072
233,"No",0.366789698600769,0.998079753683476,0.349501729011536
234,"No",0.324021279811859,1,0.251128345727921
235,"No",0.107665747404099,0.00442386511367032,0.105129316449165
236,"No",0.0837610810995102,0.167357273278069,0.108835369348526
237,"No",0.107543289661407,0.172772460917603,0.112382374703884
238,"No",0.127313271164894,0.355610035280469,0.11629069596529
239,"No",0.060926228761673,0,0.0562768764793873
240,"No",0.194993108510971,0.669687849168934,0.199362352490425
241,"No",0.0735024809837341,0.167357273278069,0.0761558935046196
242,"Yes",0.0724225342273712,0.701717575125249,0.0612823031842709
243,"Yes",0.426542580127716,0.669687849168934,0.505254626274109
244,"No",0.128136307001114,0.30015395687326,0.111666269600391
245,"No",0.0798890292644501,0.00427603014936234,0.078515499830246
246,"Yes",0.128510847687721,0.992094175769789,0.141024753451347
247,"No",0.0746698677539825,0.00650872319267712,0.0718025490641594
248,"No",0.261055946350098,0.897500076404427,0.255775779485703
249,"Yes",0.101399034261703,0.10274379505321,0.0931093543767929
250,"No",0.155480310320854,0.44184177474713,0.166395276784897
251,"No",0.237094283103943,0.904742847321348,0.212336853146553
252,"No",0.0774154290556908,0.119888259144323,0.0784002617001534
253,"No",0.148171931505203,0.592732156105168,0.146248653531075
254,"No",0.0693351998925209,0.446410376487912,0.0763302743434906
255,"No",0.061663631349802,0.779385564890762,0.0521055907011032
256,"No",0.13148321211338,0.00650872319267712,0.111818574368954
257,"No",0.155287876725197,0.0460731890810541,0.200852766633034
258,"No",0.145005866885185,0.659615933756216,0.168737635016441
259,"No",0.0812298357486725,0.10274379505321,0.0879067555069923
260,"No",0.0999651104211807,0.505841789091066,0.122085809707642
261,"No",0.115059338510036,0.669687849168934,0.14162041246891
262,"No",0.0533903017640114,0.20172878430815,0.0481617301702499
263,"No",0.105906784534454,0.167357273278069,0.1119215041399
264,"No",0.147277772426605,0.0080569249407557,0.124483846127987
265,"No",0.0839546844363213,0.00656813442252933,0.0809275731444359
266,"No",0.212264329195023,0.443314434062741,0.128321006894112
267,"No",0.0819379389286041,0.743374556798436,0.0857057869434357
268,"No",0.0661061182618141,0.20172878430815,0.0619092620909214
269,"No",0.16068722307682,0.806919189590027,0.14596027135849
270,"No",0.0706590712070465,0.10274379505321,0.0796837285161018
271,"No",0.147446304559708,0.669687849168934,0.136254593729973
272,"No",0.0611492432653904,0.807327326378955,0.070069432258606
273,"No",0.0881369337439537,0.00427603014936234,0.108479142189026
274,"No",0.0772976577281952,0.211954743398069,0.0696510970592499
275,"No",0.104459367692471,0.424696151478117,0.0902214422821999
276,"No",0.0960126519203186,0.00427603014936234,0.0876446142792702
277,"No",0.095398522913456,0.203134680587203,0.0912228524684906
278,"No",0.16155232489109,0.668745103352448,0.194644138216972
279,"No",0.144892200827599,1,0.156251519918442
280,"No",0.0843599662184715,0.0312071513681975,0.0844815224409103
281,"Yes",0.167778044939041,0.989583859719004,0.194336712360382
282,"No",0.11977081745863,0.806919189590027,0.114251457154751
283,"No",0.132434710860252,0.352116525845324,0.140023827552795
284,"No",0.0990677922964096,0.102523638969207,0.104408219456673
285,"No",0.0783049017190933,0.0620521238415302,0.0860941708087921
286,"No",0.0903492793440819,0.00427658803739649,0.0897237360477448
287,"No",0.0991953536868095,0.00427603014936234,0.091678187251091
288,"No",0.163514241576195,0.255874386715341,0.170645654201508
289,"No",0.131747722625732,0.897500076404427,0.132705718278885
290,"No",0.128955587744713,0,0.126766979694366
291,"No",0.0507396757602692,0.167357273278069,0.0545220412313938
292,"No",0.0836262702941895,0.0606672785424667,0.0922812223434448
293,"No",0.0722110345959663,0.0131243476167649,0.0698788091540337
294,"No",0.100259438157082,0.20172878430815,0.0754299238324165
295,"No",0.147239819169044,0.997563248995906,0.147823482751846
296,"No",0.0554495938122272,0.0453470283533072,0.062748983502388
297,"No",0.181894838809967,0,0.182843685150146
298,"No",0.116932399570942,0.44184177474713,0.11456311494112
299,"No",0.110141701996326,0.859515602197673,0.124272286891937
300,"No",0.080736480653286,0.856763570162858,0.0849090293049812
301,"Yes",0.354797810316086,0.69821025129938,0.294825077056885
302,"No",0.151496946811676,0.205288943178433,0.163087829947472
303,"No",0.0835340172052383,0.0122812405697278,0.0934549272060394
304,"No",0.200159519910812,0.0453470283533072,0.17463093996048
305,"No",0.0861041322350502,0.000717540575881996,0.0925692319869995
306,"No",0.0747892111539841,0.012171202487659,0.0927494689822197
307,"Yes",0.112284332513809,0.806798832078647,0.102528944611549
308,"No",0.0611698627471924,0.20172410856192,0.0707405284047127
309,"No",0.0726058110594749,0,0.0678346753120422
310,"No",0.0835800021886826,0,0.0849704593420029
311,"No",0.208017960190773,0.980376973549332,0.286383837461472
312,"No",0.104044452309608,0,0.111529983580112
313,"No",0.105495572090149,0.336092948691983,0.11503217369318
314,"No",0.178493931889534,0,0.17082753777504
315,"No",0.170334324240685,0.44184177474713,0.151104003190994
316,"Yes",0.0791357010602951,0.00427603014936234,0.0855838507413864
317,"No",0.157551273703575,0,0.141262114048004
318,"No",0.129229873418808,0.10274379505321,0.118170022964478
319,"No",0.0566280037164688,0.00427603014936234,0.0549617893993855
320,"No",0.228517338633537,0.846541581688395,0.207606211304665
321,"No",0.0902754738926888,0.806916963664509,0.0891342088580132
322,"Yes",0.064018227159977,0.20172878430815,0.0645556747913361
323,"No",0.140006989240646,0.976479826590477,0.16955991089344
324,"No",0.121631622314453,0.669586420469274,0.123096659779549
325,"Yes",0.0758364498615265,0.701365492645312,0.0757669508457184
326,"Yes",0.15002229809761,0,0.145542949438095
327,"No",0.168815091252327,1,0.15112316608429
328,"No",0.099261075258255,0.847059918456451,0.0893436372280121
329,"No",0.11286785453558,0.0653617431416321,0.102799281477928
330,"No",0.0860112532973289,0,0.0992050468921661
331,"No",0.107395075261593,0,0.114693082869053
332,"No",0.0666830539703369,0,0.0601417571306229
333,"No",0.12870866060257,0.204045945399382,0.120906732976437
334,"No",0.0516008548438549,0.00651035920777309,0.0597946532070637
335,"Yes",0.458684921264648,0.998854092959592,0.509596467018127
336,"Yes",0.151967450976372,0.806919189590027,0.160442352294922
337,"No",0.121691301465034,0.755897902157261,0.121956765651703
338,"No",0.0642246454954147,0.00427603014936234,0.0748916864395142
339,"Yes",0.230824157595634,0.0616633678852676,0.188722610473633
340,"No",0.0998106002807617,0,0.0927836447954178
341,"Yes",0.0911740735173225,0.012171202487659,0.0957222282886505
342,"No",0.0863855183124542,0.0110216988687415,0.109893344342709
343,"Yes",0.424413949251175,0.846541581688395,0.429649919271469
344,"No",0.157968297600746,0.44184177474713,0.16089591383934
345,"No",0.102949634194374,0.0480519042902682,0.100936248898506
346,"No",0.0496970042586327,0.00427603014936234,0.0575681142508984
347,"No",0.130757018923759,0.352116525845324,0.126135364174843
348,"No",0.133592665195465,0.859519627661448,0.142974182963371
349,"No",0.145035147666931,0.755897902157261,0.138411819934845
350,"No",0.108609348535538,0.20172878430815,0.107970930635929
351,"No",0.0809410586953163,0.00427603014936234,0.0741378664970398
352,"No",0.124074064195156,1,0.109694547951221
353,"No",0.0918544679880142,0.20172878430815,0.0727530643343925
354,"No",0.130997806787491,0.119887757788657,0.119926072657108
355,"No",0.0689697712659836,0,0.0786522254347801
356,"No",0.0889129936695099,0.211954918561547,0.0897713974118233
357,"No",0.0877162218093872,0.135539100430651,0.108497627079487
358,"No",0.0596566908061504,0.0445187806789216,0.0621290020644665
359,"No",0.0569217726588249,0,0.0555315054953098
360,"No",0.155905500054359,0.998008596149421,0.160944253206253
361,"No",0.087186798453331,0,0.0956509485840797
362,"Yes",0.159464135766029,0.012171202487659,0.14322791993618
363,"No",0.140076339244843,0.051598475687557,0.158686980605125
364,"No",0.134055390954018,0.00292113504335031,0.142954453825951
365,"No",0.154453992843628,0.166877263026383,0.153015568852425
366,"Yes",0.101210206747055,0.779385564890762,0.102681137621403
367,"No",0.161979407072067,1,0.170469716191292
368,"No",0.0991219580173492,0.167357273278069,0.1263827085495
369,"No",0.124616287648678,0.855211336634223,0.126984447240829
370,"No",0.0980611220002174,0.012171202487659,0.112474843859673
371,"No",0.254493772983551,0,0.279609620571136
372,"No",0.120699562132359,0.806919189590027,0.150127321481705
373,"Yes",0.0718669146299362,0,0.0754832997918129
374,"No",0.229752734303474,0.441914702762416,0.233243808150291
375,"No",0.187086835503578,0.352116525845324,0.144016087055206
376,"No",0.134320497512817,0.897672643000621,0.133645713329315
377,"No",0.0623513571918011,0.00427603014936234,0.0744993761181831
378,"No",0.19873358309269,0,0.176717087626457
379,"No",0.0529436618089676,0.119882021345767,0.0538231916725636
380,"No",0.0655432492494583,0,0.0674427598714828
381,"Yes",0.494533181190491,0.846541581688395,0.482416749000549
382,"No",0.107670105993748,0.859509509432096,0.0906911864876747
383,"No",0.129694283008575,0.119887757788657,0.123838737607002
384,"No",0.178033471107483,0.806890499071338,0.190782636404037
385,"No",0.113705955445766,0.806919189590027,0.123676367104053
386,"No",0.119004659354687,0.167357273278069,0.114901587367058
387,"No",0.121687956154346,0.669701040240849,0.117194004356861
388,"No",0.210790023207664,0.84654144563454,0.210790440440178
389,"No",0.065181627869606,0,0.062288835644722
390,"No",0.165207847952843,0.167534796213644,0.17468923330307
391,"No",0.0849364846944809,0.669687849168934,0.13901324570179
392,"No",0.121120102703571,0.859519627661448,0.131846234202385
393,"No",0.0671476870775223,0.119887757788657,0.0628265663981438
394,"No",0.0655000358819962,0,0.0698739141225815
395,"Yes",0.0960883796215057,0.998076388856667,0.100937128067017
396,"No",0.127150803804398,0.999996715478673,0.127842858433723
397,"No",0.0856251120567322,0,0.0932215452194214
398,"No",0.115552201867104,0.212289681079316,0.098948709666729
399,"Yes",0.471488863229752,0.846540182004254,0.572721004486084
400,"No",0.0927808731794357,0.203134680587203,0.112945392727852
401,"No",0.121057294309139,0.119887757788657,0.0994042828679085
402,"No",0.0697490945458412,0.00427603014936234,0.0808274373412132
403,"No",0.214795395731926,0.119914423471328,0.199985295534134
404,"No",0.0929860770702362,0,0.107380151748657
405,"No",0.087205246090889,0.10274379505321,0.0840314850211143
406,"No",0.0958413556218147,0,0.0942687019705772
407,"No",0.13013257086277,0,0.14138388633728
408,"No",0.102523349225521,0,0.10344386100769
409,"No",0.2353885024786,0.897500076404427,0.248516246676445
410,"Yes",0.0935912653803825,0,0.0982392877340317
411,"No",0.0649656429886818,0.119887757788657,0.071846641600132
412,"No",0.193019330501556,0.441819363626565,0.208896368741989
413,"No",0.217672407627106,0.779385564890762,0.258577227592468
414,"No",0.0683978721499443,0.203134680587203,0.0642349198460579
415,"No",0.423432052135468,0.701717575125249,0.395755618810654
416,"No",0.0762403383851051,0.20172878430815,0.0891902446746826
417,"Yes",0.117921255528927,0.0497730770348554,0.126798212528229
418,"No",0.104658901691437,0.00427612988557582,0.109403230249882
419,"No",0.0822426229715347,0.0109868025750999,0.0922733768820763
420,"No",0.059424139559269,0.0257599527264845,0.0630749464035034
421,"Yes",0.138052001595497,0.364403317848083,0.1502396017313
422,"No",0.106153383851051,0.701717575125249,0.0963813588023186
423,"Yes",0.288015872240067,0.806919189590027,0.2922223508358
424,"No",0.0612219646573067,0.00427603014936234,0.0524532236158848
425,"No",0.0886123701930046,0.012171202487659,0.0966158583760262
426,"No",0.241081684827805,0.897500076404427,0.201628491282463
427,"Yes",0.074790932238102,0.10274379505321,0.0870645865797997
428,"No",0.0784174799919128,0.160159961581958,0.0699419602751732
429,"No",0.109431177377701,0.0590117795416705,0.112503111362457
430,"No",0.0579075999557972,0,0.0583437085151672
431,"No",0.099039763212204,0.0109868025750999,0.109118312597275
432,"No",0.0735113024711609,0.322191843723328,0.0807785987854004
433,"No",0.117925822734833,0,0.101731307804585
434,"No",0.159513339400291,0.596730636145698,0.164312690496445
435,"No",0.139271825551987,0.669687849168934,0.163173645734787
436,"No",0.348265141248703,0,0.368957698345184
437,"Yes",0.123939730226994,0.846538706847476,0.18473257124424
438,"No",0.0883045122027397,0.012171202487659,0.0964708477258682
439,"No",0.100795693695545,0.000268476369933453,0.116625279188156
440,"No",0.105773933231831,0.441846962774583,0.116805545985699
441,"Yes",0.703948438167572,1,0.551295459270477
442,"No",0.223648503422737,0.120059978541374,0.246846169233322
443,"Yes",0.10112676024437,0.669687849168934,0.103456489741802
444,"No",0.120336785912514,0.669687849168934,0.0827837064862251
445,"No",0.128511637449265,0.897500076404427,0.117488622665405
446,"No",0.153086170554161,0.20172878430815,0.195306867361069
447,"No",0.0977869927883148,0.00427603014936234,0.104489743709564
448,"No",0.155125424265862,0.44184177474713,0.138207525014877
449,"No",0.201892122626305,0.979162389058315,0.188973784446716
450,"No",0.0648589208722115,0,0.0742933750152588
451,"Yes",0.0638841465115547,0.701473776707081,0.0598021745681763
452,"No",0.121596023440361,0.20172878430815,0.132673412561417
453,"No",0.119305983185768,0.120837696042422,0.122012853622437
454,"No",0.0738147795200348,0.99957298610887,0.0740973800420761
455,"No",0.0778146013617516,0.859519627661448,0.0928031131625175
456,"No",0.094573549926281,0.105679868053254,0.0900151133537292
457,"No",0.258865594863892,0.248958312507426,0.283245354890823
458,"No",0.10573822259903,0.203134983754948,0.106484144926071
459,"Yes",0.275038212537766,0.998079753683476,0.257325857877731
460,"No",0.125817731022835,0.897500076404427,0.129166945815086
461,"No",0.236651480197906,0,0.231299564242363
462,"No",0.187658160924911,0.669687849168934,0.155996292829514
463,"No",0.0929574221372604,0.779385564890762,0.0989918634295464
464,"No",0.107150763273239,0.00427603014936234,0.0923811495304108
465,"No",0.0716181099414825,0.0166571146882145,0.0750854164361954
466,"No",0.0867226272821426,0,0.094626359641552
467,"No",0.0775238126516342,0.00650872319267712,0.0886269137263298
468,"No",0.17343071103096,1,0.152422472834587
469,"No",0.0535286217927933,0.00650935075919287,0.0589179806411266
470,"No",0.0570049583911896,0.00427603014936234,0.0558553710579872
471,"Yes",0.115234971046448,0.012171202487659,0.0966025441884995
472,"No",0.0828938409686089,0,0.0784195065498352
473,"No",0.0862419381737709,0.859519627661448,0.10717348754406
474,"No",0.111091263592243,0.198729365186289,0.10890281945467
475,"No",0.087231419980526,0.011031154338165,0.0840776041150093
476,"No",0.173264235258102,0.203134680587203,0.209587514400482
477,"Yes",0.17421992123127,0.44184177474713,0.158412843942642
478,"No",0.0953724384307861,0.00650872319267712,0.10100444406271
479,"Yes",0.099522553384304,0.701717575125249,0.0958148688077927
480,"No",0.0684894919395447,0,0.0755274370312691
481,"No",0.0629127696156502,0.119887757788657,0.0678357779979706
482,"No",0.055121548473835,0.0072362353128373,0.0596309676766396
483,"No",0.178276985883713,4.94927027707228e-07,0.185193344950676
484,"No",0.138187155127525,0.44190414919521,0.120357625186443
485,"No",0.0844182968139648,0.20172878430815,0.0888978913426399
486,"No",0.0807940885424614,0.20172878430815,0.0777949169278145
487,"No",0.0860833078622818,1,0.0876587629318237
488,"No",0.11655604839325,0.352116525845324,0.131030395627022
489,"No",0.131069391965866,0.701717575125249,0.145398259162903
490,"No",0.292475610971451,0.701717575125249,0.30827870965004
491,"No",0.0644799396395683,0.12960696199852,0.0659179016947746
492,"No",0.117091849446297,0.897253705553004,0.120067648589611
493,"No",0.0945325642824173,0.00427755097420585,0.108925633132458
494,"No",0.297298014163971,0.352116525845324,0.316370278596878
495,"No",0.0503150336444378,0.20172878430815,0.0497864633798599
496,"No",0.137556090950966,0.211954743398069,0.143544405698776
497,"No",0.12631830573082,0.459310131899483,0.121629968285561
498,"No",0.121378779411316,0.0167761663300822,0.12659752368927
499,"No",0.116003058850765,0.806919189590027,0.122472733259201
500,"No",0.0500745512545109,0,0.0438815206289291
501,"No",0.557846903800964,0.997989632412027,0.490657120943069
502,"No",0.154202535748482,0,0.16228175163269
503,"Yes",0.10672677308321,0.701717575125249,0.110786929726601
504,"No",0.0745516642928123,0,0.07918830960989
505,"No",0.122864410281181,0.129626100168434,0.125272080302238
506,"No",0.0706901922821999,0.897500076404427,0.0756921470165253
507,"No",0.152787566184998,0.165579760180608,0.14373990893364
508,"Yes",0.108618877828121,0.20172878430815,0.0980219542980194
509,"No",0.1433085501194,0.012171202487659,0.122617982327938
510,"No",0.186772599816322,0.211954743398069,0.214239001274109
511,"No",0.091166116297245,0.20172878430815,0.0673555582761765
512,"No",0.106487639248371,0.012171202487659,0.108744867146015
513,"No",0.1004888266325,0,0.101143881678581
514,"No",0.118973225355148,0.12962737562245,0.140823557972908
515,"No",0.12020118534565,0.20172878430815,0.111746050417423
516,"No",0.105645887553692,0.00428171553526813,0.113210909068584
517,"Yes",0.347929716110229,0,0.299677819013596
518,"No",0.138298496603966,0,0.123051531612873
519,"No",0.185090601444244,0.846541581688395,0.20822836458683
520,"No",0.144676476716995,0.44184177474713,0.150339886546135
521,"No",0.160912051796913,0.326093756095148,0.150398820638657
522,"No",0.144493192434311,0.69512513657442,0.132542178034782
523,"No",0.140998601913452,0,0.154995158314705
524,"No",0.097558319568634,0.119887757788657,0.123118311166763
525,"No",0.254924058914185,0.352116525845324,0.276515662670135
526,"Yes",0.103990994393826,0.897500076404427,0.108634300529957
527,"No",0.21241857111454,0.806919189590027,0.197389662265778
528,"No",0.19314019382,0.859519627661448,0.202789202332497
529,"No",0.0599810220301151,0,0.057465173304081
530,"No",0.193166226148605,0.224710117816285,0.209698930382729
531,"No",0.227386206388474,0.211954743398069,0.228446483612061
532,"No",0.119857683777809,0.806919189590027,0.153715148568153
533,"No",0.0782360807061195,0.00650872319267712,0.0667821392416954
534,"No",0.257178485393524,1,0.20363874733448
535,"No",0.0605359561741352,0.012171202487659,0.0696629732847214
536,"No",0.0543758012354374,0,0.0541632249951363
537,"No",0.123807914555073,0.701717575125249,0.0903380885720253
538,"No",0.103986740112305,0.0109868025750999,0.105520382523537
539,"No",0.277114480733871,0.352113071676811,0.338005036115646
540,"No",0.0574064701795578,0,0.0497572831809521
541,"No",0.117163181304932,0.20172878430815,0.094665139913559
542,"No",0.205949410796165,0.20172878430815,0.256477802991867
543,"No",0.0776512026786804,0,0.0636527240276337
544,"Yes",0.281984806060791,0.846541581688395,0.311952739953995
545,"Yes",0.0823244899511337,0.779385564890762,0.0833842679858208
546,"No",0.172342166304588,0.846541581688395,0.16241666674614
547,"No",0.252433478832245,0.70169807516345,0.311438232660294
548,"No",0.0832629278302193,2.72316160952311e-06,0.0917422398924828
549,"No",0.0736051946878433,0.10274379505321,0.0848334357142448
550,"No",0.300543069839478,0.669769710632104,0.306799203157425
551,"No",0.0693709775805473,0,0.0625888034701347
552,"No",0.136464074254036,0,0.137971475720406
553,"No",0.0868103057146072,0.0121712558917675,0.0795996561646461
554,"No",0.0673083737492561,0.859240078350895,0.0647261813282967
555,"No",0.0858228281140327,0.129626100168434,0.121462635695934
556,"No",0.104019805788994,1,0.114117592573166
557,"No",0.105255074799061,0.846541581688395,0.117224998772144
558,"No",0.103451654314995,0.906349928985591,0.122351706027985
559,"No",0.152591645717621,0.897494501173406,0.157746449112892
560,"Yes",0.190016627311707,0.755897902157261,0.180750116705894
561,"No",0.107233323156834,0.897500076404427,0.111399091780186
562,"No",0.0743904560804367,0.012171202487659,0.0726019814610481
563,"No",0.0798500403761864,0.843247633966225,0.0924972146749496
564,"No",0.155878871679306,0.989357216748469,0.174395695328712
565,"No",0.161089301109314,0,0.116676330566406
566,"Yes",0.175355240702629,0.0066436682987627,0.135656952857971
567,"No",0.0957216322422028,0.442059879774117,0.096155971288681
568,"No",0.044664304703474,0,0.0488067381083965
569,"No",0.170292362570763,0,0.182209938764572
570,"No",0.057867243885994,0,0.0576336793601513
571,"No",0.113054014742374,0.44184177474713,0.145080432295799
572,"No",0.145338967442513,0.120176303804914,0.160544514656067
573,"No",0.136653333902359,0.00427603014936234,0.157457545399666
574,"No",0.142296299338341,1,0.139880001544952
575,"No",0.102395310997963,0.167357273278069,0.0972065627574921
576,"No",0.0794144198298454,0.186829451044116,0.0932761952280998
577,"No",0.217806428670883,0.6777867851891,0.190796509385109
578,"No",0.120516322553158,0.755897902157261,0.134601682424545
579,"No",0.12556403875351,0.44184177474713,0.12190069258213
580,"No",0.42324686050415,0.00130557161834956,0.342126071453094
581,"No",0.236418962478638,0.989583859719004,0.192150875926018
582,"Yes",0.282154768705368,0.326093756095148,0.251471191644669
583,"No",0.0796760395169258,0.20172878430815,0.0701904594898224
584,"No",0.115375101566315,0.00650872319267712,0.129641711711884
585,"No",0.0812385901808739,0.00650872319267712,0.0915099084377289
586,"No",0.172113791108131,0.897500076404427,0.177292108535767
587,"No",0.111975073814392,0.119887757788657,0.100028924643993
588,"No",0.0848338827490807,0.44184177474713,0.0853262320160866
589,"No",0.0613721162080765,0.20172878430815,0.055604375898838
590,"Yes",0.0652062296867371,0.701717575125249,0.0724793672561646
591,"Yes",0.121966771781445,0.859519627661448,0.123091921210289
592,"No",0.0649623721837997,0,0.0747688040137291
593,"No",0.0966954827308655,0.119887757788657,0.100604116916656
594,"No",0.105376675724983,0.0042783177060155,0.0921369269490242
595,"No",0.0723231956362724,0.20172878430815,0.0719752237200737
596,"No",0.230591520667076,0.979162389058315,0.212780803442001
597,"Yes",0.145976275205612,0.119887757788657,0.169270679354668
598,"Yes",0.121281236410141,0.211954743398069,0.103701144456863
599,"No",0.105053521692753,0.779385564890762,0.119599163532257
600,"No",0.0863185301423073,0.119887757788657,0.100712463259697
601,"No",0.0868264138698578,0.820441194624737,0.118123836815357
602,"No",0.0443192049860954,0.20172878430815,0.0526634007692337
603,"No",0.126132607460022,0.817104107405183,0.10945588350296
604,"No",0.147544503211975,0,0.160899013280869
605,"Yes",0.111655592918396,0.897500076404427,0.126736000180244
606,"No",0.0996332392096519,0.661025894958812,0.110009431838989
607,"No",0.202388480305672,0.701717575125249,0.18844673037529
608,"No",0.322629034519196,0.44184177474713,0.325157523155212
609,"No",0.102299205958843,0.10274379505321,0.0742581114172935
610,"No",0.130714938044548,0.779521161093751,0.12200702726841
611,"No",0.0687059015035629,0.0127061146215143,0.0769348815083504
612,"No",0.109094627201557,0.119887956132994,0.112464904785156
613,"No",0.389995515346527,0.755897902157261,0.326508283615112
614,"No",0.107768528163433,0.669687849168934,0.121581897139549
615,"No",0.142627656459808,0.998078822212324,0.186033830046654
616,"No",0.116489186882973,0.00427636222927317,0.125121131539345
617,"No",0.108048878610134,0.0117006768047021,0.125454947352409
618,"No",0.269037276506424,0.779385564890762,0.269769161939621
619,"No",0.0756836235523224,0,0.0858413130044937
620,"No",0.103303454816341,0.66968587721594,0.126239150762558
621,"No",0.164857968688011,0.44184177474713,0.184378027915955
622,"Yes",0.0899583250284195,0.20172878430815,0.0905039757490158
623,"No",0.0723456740379333,0.10274379505321,0.0918117985129356
624,"No",0.089118666946888,0.119900928113627,0.0847881138324738
625,"No",0.404942750930786,0.846541581688395,0.342908412218094
626,"No",0.228402942419052,0.701717575125249,0.213883057236671
627,"No",0.219326436519623,0.012171202487659,0.266103446483612
628,"No",0.0897910594940186,0.10274379505321,0.0854791030287743
629,"No",0.0568284913897514,0.00427603014936234,0.0596966780722141
630,"No",0.170128405094147,0.44184177474713,0.179454207420349
631,"No",0.0788147896528244,0.0446928122711976,0.0720082595944405
632,"No",0.215559095144272,0.44184177474713,0.199347153306007
633,"No",0.0989899337291718,0.0932508331295289,0.109681397676468
634,"No",0.0542978867888451,0.119887757788657,0.0707885324954987
635,"No",0.115287892520428,0.44184177474713,0.10627606511116
636,"No",0.104843631386757,0.793858982847776,0.113546043634415
637,"No",0.0922958254814148,0.20172878430815,0.0746763125061989
638,"No",0.0917674377560616,0.0250883594865756,0.094811700284481
639,"Yes",0.0704581141471863,0.10274379505321,0.0538348630070686
640,"No",0.0775329992175102,0.190274043505445,0.0794791653752327
641,"No",0.106472879648209,0,0.0905646607279778
642,"Yes",0.139006644487381,0.012171202487659,0.132781118154526
643,"No",0.0865099206566811,0.44184177474713,0.101462699472904
644,"No",0.0635301470756531,0,0.0546726249158382
645,"No",0.0915610939264297,0.896632105501274,0.138010814785957
646,"No",0.0590673498809338,0,0.0556215308606625
647,"No",0.109716817736626,0,0.113750942051411
648,"No",0.0874421894550323,0.326093756095148,0.106321886181831
649,"No",0.158460721373558,0.326093756095148,0.172072380781174
650,"No",0.0775308310985565,0.20172878430815,0.088972881436348
651,"No",0.143772959709167,1,0.178366094827652
652,"No",0.089572936296463,0.44184177474713,0.106419809162617
653,"No",0.18824790418148,0.955552047395307,0.192880660295486
654,"No",0.112835064530373,0.806840869786721,0.101038955152035
655,"No",0.0791431367397308,0.00427603014936234,0.0894598066806793
656,"No",0.0489435568451881,0.00427603014936234,0.0519007295370102
657,"No",0.12938566505909,0.44184177474713,0.110629193484783
658,"No",0.113511756062508,0.325964850031308,0.0849532559514046
659,"Yes",0.0796765238046646,0.167357273278069,0.0899992063641548
660,"No",0.230320751667023,0.846541581688395,0.298266142606735
661,"No",0.09104835242033,0,0.125231221318245
662,"No",0.133533492684364,0.026730108401054,0.138574600219727
663,"No",0.0725570246577263,0.44184177474713,0.0710271820425987
664,"Yes",0.0819150358438492,0.167357273278069,0.083369068801403
665,"No",0.214451640844345,0.897500076404427,0.198934897780418
666,"No",0.106002658605576,0.755893737566765,0.117785550653934
667,"No",0.104719378054142,0.846541581688395,0.0932189300656319
668,"No",0.0760352537035942,0,0.0700223445892334
669,"Yes",0.302693426609039,0.806919189590027,0.21899901330471
670,"No",0.0763294696807861,0.10274379505321,0.0898297652602196
671,"No",0.0601813495159149,0.00651061108519215,0.0742174088954926
672,"No",0.0629168227314949,0.012171202487659,0.0621159560978413
673,"No",0.0595245435833931,0.00427603014936234,0.0567232631146908
674,"No",0.135206833481789,0.755897902157261,0.130182653665543
675,"No",0.105504564940929,0.012171202487659,0.0962472856044769
676,"No",0.154080986976624,1,0.172058135271072
677,"No",0.0585696585476398,0.012171202487659,0.0603477656841278
678,"Yes",0.63910037279129,0.352116525845324,0.581039071083069
679,"No",0.095223531126976,0,0.103277549147606
680,"No",0.0987569466233253,0.167357273278069,0.0958161652088165
681,"No",0.136357650160789,0.44184177474713,0.131600901484489
682,"No",0.100174352526665,0.426307689361801,0.0867792367935181
683,"No",0.116123482584953,0,0.113152392208576
684,"No",0.093936450779438,0,0.0705901086330414
685,"No",0.133512571454048,0.991976880636099,0.124854139983654
686,"No",0.0718333050608635,0.167357273278069,0.0596711747348309
687,"No",0.160840839147568,1.03551440474595e-05,0.165796682238579
688,"No",0.21841761469841,0.806919189590027,0.274242043495178
689,"No",0.389156877994537,0.44184177474713,0.313614130020142
690,"No",0.0984522178769112,0.00427603014936234,0.103761270642281
691,"No",0.111128233373165,0.998027806732906,0.117224425077438
692,"No",0.112424694001675,0.10274379505321,0.0985283032059669
693,"Yes",0.225776821374893,0.123241581890013,0.224733203649521
694,"No",0.0902279689908028,0.00651119486234355,0.0865901038050652
695,"No",0.111420765519142,0.779369589095328,0.120417445898056
696,"No",0.111608818173409,0.167357273278069,0.117400713264942
697,"No",0.0729556754231453,0.226990030421359,0.0857562273740768
698,"Yes",0.293769836425781,0.846541581688395,0.394825905561447
699,"No",0.0980256199836731,0.167357273278069,0.117220729589462
700,"No",0.123046331107616,0.701717575125249,0.125707074999809
701,"No",0.20000347495079,3.42995380270031e-07,0.167119488120079
702,"No",0.118263103067875,0,0.116656951606274
703,"Yes",0.180880919098854,1,0.165987625718117
704,"No",0.0852883532643318,0.00427603014936234,0.0700183808803558
705,"No",0.280655890703201,0.701717575125249,0.299581408500671
706,"No",0.209656208753586,0.998079753683476,0.199831992387772
707,"No",0.0760140493512154,0,0.0889934524893761
708,"No",0.0502557791769505,0.326081815202244,0.0501142591238022
709,"Yes",0.162107676267624,0,0.214556977152824
710,"No",0.0913711115717888,0.73430190592493,0.101293370127678
711,"No",0.113218516111374,0.00427603014936234,0.0930965840816498
712,"No",0.105600640177727,0,0.102955505251884
713,"No",0.15811975300312,0.00427603014936234,0.165123045444489
714,"Yes",0.174057930707932,0.669687849168934,0.139377862215042
715,"No",0.472285747528076,0.669687849168934,0.475124537944794
716,"No",0.146156996488571,0.701717575125249,0.159521088004112
717,"Yes",0.131747961044312,0.167357273278069,0.140076205134392
718,"Yes",0.0753748267889023,0.102741035707793,0.068315751850605
719,"No",0.105581231415272,0.00427603014936234,0.105104461312294
720,"No",0.0822008848190308,0.000548722648856458,0.0730869621038437
721,"No",0.132011234760284,0.816913307261315,0.160889148712158
722,"No",0.0920634120702744,0.167357571479753,0.100864894688129
723,"No",0.105272725224495,0.701717575125249,0.113083593547344
724,"No",0.208634987473488,0.315088834425138,0.207530200481415
725,"No",0.125340193510056,0.441845495771461,0.116158552467823
726,"No",0.20071342587471,0.669687849168934,0.182701349258423
727,"No",0.122841238975525,0.0453469028516117,0.13554510474205
728,"No",0.0650607794523239,0.012171027216398,0.0643831193447113
729,"No",0.200633749365807,0,0.172345831990242
730,"Yes",0.0768171176314354,0.701717575125249,0.0730755776166916
731,"No",0.202610656619072,0.0121939701917721,0.243642240762711
732,"No",0.0582419186830521,0.10274379505321,0.0604298040270805
733,"No",0.0782956928014755,0.167366568962226,0.0870849788188934
734,"No",0.0837684348225594,0,0.088112011551857
735,"No",0.100558221340179,0.0109888780793659,0.108354091644287
736,"Yes",0.114167377352715,1,0.131886750459671
737,"Yes",0.428764522075653,1,0.49676987528801
738,"No",0.149427130818367,0.0109868025750999,0.152519330382347
739,"Yes",0.0554770715534687,0.00428712468825282,0.0631531327962875
740,"No",0.0858664438128471,0.00427603014936234,0.0976788103580475
741,"No",0.0540470369160175,0,0.0510697141289711
742,"No",0.0912928432226181,0.167357273278069,0.090599499642849
743,"Yes",0.164126306772232,0.119887757788657,0.133953630924225
744,"No",0.201413378119469,1,0.217645213007927
745,"No",0.0633717924356461,0.201530809666067,0.0648154020309448
746,"No",0.26285919547081,0.665789369511628,0.245805695652962
747,"No",0.0898435488343239,0.011814593886276,0.0978895276784897
748,"Yes",0.141783192753792,0.0109903685630517,0.122509464621544
749,"No",0.101803988218307,0.701654646593228,0.112175621092319
750,"No",0.0953207612037659,0.211954743398069,0.117314919829369
751,"No",0.0491375848650932,0.10274379505321,0.0559403263032436
752,"No",0.101874880492687,0.127588828886567,0.10535004734993
753,"No",0.129264891147614,0.806919189590027,0.125161185860634
754,"No",0.0997826457023621,0,0.110072113573551
755,"No",0.0883306935429573,0.763356440027366,0.0832973048090935
756,"No",0.0915728434920311,0.00427603014936234,0.0895779356360435
757,"Yes",0.379943042993546,0.44184177474713,0.32163468003273
758,"Yes",0.0948735997080803,0.806919189590027,0.099244512617588
759,"Yes",0.0917903482913971,0,0.10463397949934
760,"No",0.079780176281929,0.0289354754447316,0.112508997321129
761,"No",0.307479083538055,0.352116525845324,0.264183521270752
762,"No",0.0797761157155037,0.00656531386072083,0.0909192785620689
763,"No",0.0945228934288025,0.016976334690506,0.119244389235973
764,"No",0.21000811457634,0.998079750360438,0.217812463641167
765,"No",0.21656134724617,1,0.222658276557922
766,"No",0.169780850410461,0.670950361671495,0.148293048143387
767,"Yes",0.0829801931977272,0.012171202487659,0.078689344227314
768,"Yes",0.406333148479462,0,0.414165288209915
769,"No",0.106756217777729,0.701717575125249,0.165277302265167
770,"No",0.0866492316126823,0,0.083807036280632
771,"No",0.0678225979208946,0.0121725259224982,0.0677386000752449
772,"No",0.0892636999487877,0.441846985796376,0.0823638886213303
773,"No",0.0974229946732521,0.105683652529385,0.0842917487025261
774,"Yes",0.0613713897764683,0.00427603014936234,0.0632692947983742
775,"Yes",0.0936485752463341,0.596404983430714,0.093229204416275
776,"No",0.0566460639238358,0.00650872319267712,0.0640356466174126
777,"No",0.142491802573204,0.806919189590027,0.15048836171627
778,"No",0.0924791470170021,0.167357273278069,0.0814284607768059
779,"No",0.0960094705224037,7.09987514544216e-07,0.0922161564230919
780,"No",0.17651079595089,0.669668707507185,0.246139198541641
781,"No",0.0689810365438461,0.806912406009742,0.0706540644168854
782,"No",0.0836571753025055,0,0.0814701989293098
783,"Yes",0.114890933036804,0.012171202487659,0.107172250747681
784,"Yes",0.16378927230835,0.806821765963718,0.172733947634697
785,"No",0.0524518638849258,0.00427603014936234,0.053310539573431
786,"No",0.0901079475879669,0.00650872319267712,0.096198707818985
787,"Yes",0.479953616857529,0.0109868025750999,0.438562333583832
788,"No",0.111344181001186,0.0616633678852676,0.117247678339481
789,"No",0.171335324645042,0.846541581688395,0.162541389465332
790,"No",0.0706275478005409,0,0.0654812380671501
791,"No",0.0542883202433586,0.00650872319267712,0.0510490126907825
792,"No",0.0678681805729866,0.197953320278952,0.0842614620923996
793,"No",0.107727788388729,0.211954743398069,0.110573768615723
794,"No",0.0894428342580795,0.129626100168434,0.0804807171225548
795,"No",0.0599792264401913,0.00427603014936234,0.0520590469241142
796,"No",0.10067680478096,0.10274379505321,0.102497920393944
797,"No",0.0974930971860886,0.669687849168934,0.0904054343700409
798,"No",0.1676906645298,0,0.147383332252502
799,"Yes",0.11800304800272,0.897499929297845,0.163924217224121
800,"No",0.0611284412443638,0.00427603014936234,0.0542938075959682
801,"No",0.110812522470951,0.667538872519959,0.11686933785677
802,"Yes",0.632225215435028,0.722326572416069,0.57390308380127
803,"No",0.0688595473766327,0.766187489125629,0.0683452934026718
804,"No",0.415316939353943,0.702671694935805,0.389306634664536
805,"No",0.121651604771614,0,0.0868611186742783
806,"No",0.0669288113713264,0.012171202487659,0.0681279599666595
807,"No",0.0797431617975235,0.846395877524173,0.0743660926818848
808,"No",0.0695054829120636,0.779385564890762,0.0666466504335403
809,"No",0.100380077958107,0,0.124627836048603
810,"No",0.140465557575226,0.326093756095148,0.15282179415226
811,"No",0.093279242515564,0.119887757788657,0.0905297547578812
812,"No",0.0778218284249306,0.326047339426235,0.0863534361124039
813,"No",0.122101709246635,0.119889712308701,0.0909350216388702
814,"No",0.17050376534462,0.560546930835121,0.195558279752731
815,"Yes",0.0799789950251579,0.102677116188871,0.0723927468061447
816,"Yes",0.0756288841366768,0.352116525845324,0.0612798482179642
817,"No",0.161052241921425,0.755893231033837,0.138074338436127
818,"No",0.0443102605640888,0,0.0512014403939247
819,"Yes",0.231424152851105,0.669687849168934,0.24623616039753
820,"No",0.161971345543861,0.669687849168934,0.152706384658813
821,"Yes",0.069619320333004,0.000555281063711374,0.0572912469506264
822,"No",0.0505618900060654,0.00650875113089269,0.0543735921382904
823,"No",0.0932569205760956,0.00427603014936234,0.106331743299961
824,"No",0.0782594308257103,0.755897902157261,0.0861445888876915
825,"No",0.101802617311478,0.203134680587203,0.100078001618385
826,"No",0.382684916257858,0.684079431257219,0.293842852115631
827,"No",0.102775350213051,0.211954743398069,0.109599657356739
828,"No",0.162145912647247,0.352116525845324,0.178026139736176
829,"No",0.186700060963631,0.701717575125249,0.206219658255577
830,"No",0.102793760597706,0.048930506996886,0.103046789765358
831,"Yes",0.106834903359413,0.13569592451004,0.117997534573078
832,"No",0.0672320872545242,0.151771052811607,0.064592070877552
833,"No",0.155579313635826,0.998079476124967,0.150688633322716
834,"Yes",0.147129327058792,0.0453470283533072,0.127054363489151
835,"No",0.0808731317520142,0.0616633678852676,0.0690934956073761
836,"No",0.097475603222847,0.820441194624737,0.111883841454983
837,"No",0.22918564081192,0.556665588054579,0.218743488192558
838,"No",0.163006484508514,0.00650872319267712,0.172320276498795
839,"No",0.115440793335438,0,0.13446356356144
840,"No",0.118251048028469,0.989422172184037,0.093120239675045
841,"No",0.0834358483552933,0,0.0698515847325325
842,"No",0.0710163414478302,0.000541365726147315,0.0647354871034622
843,"No",0.165446355938911,0.745206815214854,0.16283991932869
844,"No",0.0575129576027393,0.00650925699991443,0.0606454312801361
845,"No",0.0739751011133194,1,0.0733626931905746
846,"No",0.209969028830528,0.669687849168934,0.223365440964699
847,"No",0.102716237306595,0.37944125266023,0.0948541089892387
848,"No",0.137890428304672,0.211954743398069,0.116828292608261
849,"No",0.0556682981550694,0,0.0468487702310085
850,"No",0.100496612489223,0.156963166905144,0.117144905030727
851,"No",0.0941960290074348,0.476088181037436,0.100257851183414
852,"No",0.0737214982509613,0.00650872319267712,0.0794018357992172
853,"No",0.149526745080948,1,0.198991924524307
854,"No",0.112807169556618,0.738197703489221,0.129171699285507
855,"No",0.153920948505402,0,0.149666130542755
856,"No",0.0973073914647102,0.0616481782703471,0.0921045318245888
857,"No",0.342296808958054,0.846533286521877,0.444506853818893
858,"No",0.131240099668503,0,0.138681977987289
859,"No",0.118201553821564,0.806919189590027,0.114630915224552
860,"Yes",0.0753412470221519,0.119887757788657,0.0761615112423897
861,"No",0.0870175287127495,0.285448825777566,0.0866352766752243
862,"No",0.740988910198212,0.755897902157261,0.727328598499298
863,"No",0.0778182670474052,0.10274379505321,0.0741728469729424
864,"No",0.233752071857452,0.669687849168934,0.205859065055847
865,"No",0.0772045031189919,0.012171202487659,0.0717554315924644
866,"No",0.0850476175546646,0.211954743398069,0.0951579511165619
867,"Yes",0.0758679583668709,0.10274379505321,0.0661861747503281
868,"No",0.0671606063842773,0.815568173774959,0.0651961714029312
869,"No",0.0826890096068382,0.10274379505321,0.0850377529859543
870,"No",0.103041440248489,0.211954743398069,0.103198267519474
871,"No",0.0993718281388283,0.0144932726704281,0.101518094539642
872,"No",0.185989245772362,1,0.22795781493187
873,"No",0.12906751036644,0,0.108510226011276
874,"Yes",0.170875608921051,0.779385564890762,0.151597768068314
875,"No",0.304396241903305,0.975846488805253,0.260416507720947
876,"Yes",0.0684258565306664,0.10274379505321,0.0707626640796661
877,"Yes",0.0651417598128319,0.419930398202015,0.0557156838476658
878,"No",0.0916168391704559,0.10274379505321,0.0956098809838295
879,"Yes",0.23075345158577,0.0453470283533072,0.220584824681282
880,"No",0.0799945890903473,0,0.0842453837394714
881,"No",0.0838853493332863,0.0614009578323436,0.0829481780529022
882,"No",0.0949492305517197,0.779385564890762,0.0977226868271828
883,"No",0.192572027444839,0.0616634823535309,0.20981465280056
884,"No",0.304641455411911,0.806919189590027,0.310925662517548
885,"No",0.0986315906047821,0.0616633678852676,0.088828980922699
886,"No",0.19247043132782,0.203133611116846,0.177635475993156
887,"No",0.0756871402263641,0.00427603014936234,0.0670170560479164
888,"No",0.0759062618017197,0.10274379505321,0.0699969977140427
889,"No",0.0798318237066269,0.779764591768346,0.0814934298396111
890,"No",0.105474941432476,0.701717575125249,0.1690903455019
891,"Yes",0.351872682571411,0.998079753683476,0.353206217288971
892,"No",0.146626070141792,0.775838704401285,0.145909696817398
893,"No",0.0709404870867729,0,0.0623827688395977
894,"No",0.117938511073589,0.211954743398069,0.104806497693062
895,"No",0.118168637156487,0.00650872319267712,0.137627780437469
896,"No",0.240866020321846,0.326019541296316,0.279276669025421
897,"No",0.146280601620674,0.103158893803059,0.116900645196438
898,"No",0.147292971611023,0.738198334673547,0.1462392359972
899,"No",0.133223742246628,0.75209677606537,0.136461138725281
900,"No",0.0993480160832405,0.352116525845324,0.0896357372403145
901,"No",0.116085380315781,0.33342222132928,0.162614554166794
902,"Yes",0.203739956021309,0.701717575125249,0.208588570356369
903,"Yes",0.120327241718769,0.989545736411962,0.0970196723937988
904,"No",0.127556979656219,0.738198334673547,0.141797199845314
905,"Yes",0.239714562892914,0.129626100168434,0.224145174026489
906,"Yes",0.077092744410038,0.134790919832453,0.0771329179406166
907,"No",0.0783798843622208,0.701717575125249,0.0789474695920944
908,"No",0.0996603593230247,0.790330164449332,0.0957292839884758
909,"No",0.105400793254375,1,0.0847093388438225
910,"No",0.148558780550957,0.130451696782143,0.15296670794487
911,"No",0.158141866326332,0.17542142042838,0.154208064079285
912,"No",0.144021198153496,0.0616922424585994,0.139010235667229
913,"No",0.0609097927808762,0.203134680587203,0.0526060946285725
914,"No",0.137123838067055,0.859432062283023,0.144608959555626
915,"No",0.0823018178343773,0.211954743398069,0.0780062824487686
916,"No",0.119750365614891,1,0.12386329472065
917,"No",0.149876669049263,0.203133035151902,0.134335875511169
918,"No",0.122226357460022,0.326093756095148,0.122332446277142
919,"No",0.098374180495739,0.211971236343599,0.0932958796620369
920,"No",0.0945778116583824,0.129626100168434,0.109070517122746
921,"No",0.274555444717407,0.211954743398069,0.320447832345963
922,"No",0.112292751669884,0.702556090533773,0.110630966722965
923,"No",0.109960272908211,0,0.114106476306915
924,"No",0.049542672932148,0.012171202487659,0.0393585748970509
925,"No",0.333505719900131,0.755897902157261,0.295801758766174
926,"No",0.179021582007408,0.120104628046944,0.155057445168495
927,"No",0.114336781203747,0.00427603014936234,0.115824766457081
928,"No",0.136250406503677,0.779385564890762,0.122545123100281
929,"Yes",0.0877209454774857,0.129626100168434,0.0695624351501465
930,"No",0.0855716839432716,1,0.0870358794927597
931,"Yes",0.249621897935867,0.998074578512699,0.277621030807495
932,"No",0.0540356412529945,0.16680468678371,0.066033847630024
933,"No",0.09638562053442,0.119887757788657,0.0897010192275047
934,"No",0.19738632440567,0.989583859719004,0.19369637966156
935,"No",0.0689269453287125,1.75666054890522e-05,0.0610999315977097
936,"No",0.0599963366985321,0,0.046548493206501
937,"No",0.0710398703813553,0,0.0677287504076958
938,"No",0.0582958459854126,0.00427603014936234,0.0655437335371971
939,"No",0.482079297304153,1,0.384573847055435
940,"No",0.0678338631987572,0.10274379505321,0.0705716982483864
941,"No",0.175381556153297,0.211954743398069,0.160041391849518
942,"No",0.0845536664128304,0.448093320322573,0.0983221530914307
943,"No",0.0960675254464149,0.000880149329834467,0.0983881801366806
944,"Yes",0.13334658741951,0.00427603014936234,0.127626001834869
945,"No",0.100411906838417,0.738149803181347,0.0907786712050438
946,"No",0.0706574618816376,0.755897718647791,0.0806314125657082
947,"No",0.08979132771492,0.441067935114293,0.0961866229772568
948,"No",0.0919423848390579,0.0453456063559012,0.0959776043891907
949,"Yes",0.269013047218323,0.738198334673547,0.323860287666321
950,"Yes",0.151909649372101,0.369303303330793,0.137198880314827
951,"No",0.0753364562988281,0.713400724874408,0.0966789275407791
952,"Yes",0.428482621908188,0.998079753683476,0.403535932302475
953,"No",0.174264654517174,0.846531109978005,0.18759585916996
954,"No",0.124662421643734,0.738198334673547,0.113688305020332
955,"No",0.04512944445014,0.00427672127372649,0.0433658771216869
956,"No",0.103886239230633,0,0.114210180938244
957,"No",0.0806081220507622,0.211954743398069,0.0678636729717255
958,"No",0.43189799785614,0.326093756095148,0.5062016248703
959,"No",0.0899674147367477,0.846541581688395,0.0744381919503212
960,"No",0.113393425941467,0.119887757788657,0.115310423076153
961,"No",0.183111622929573,0.78680411923497,0.144131779670715
962,"No",0.0900615751743317,0.129626271086585,0.0995413586497307
963,"No",0.246102422475815,0.211954743398069,0.195979446172714
964,"No",0.2306117862463,0.669687849168934,0.252587735652924
965,"No",0.217283517122269,0.352116525845324,0.21800285577774
966,"No",0.0953505113720894,0.00972420486546906,0.11226113140583
967,"No",0.152646511793137,1,0.188311129808426
968,"No",0.0989871099591255,0.12608365891822,0.101137079298496
969,"No",0.337962567806244,0.20313572772086,0.266463249921799
970,"No",0.117165520787239,0.00054133794915583,0.12481015175581
971,"No",0.106359466910362,1,0.137540280818939
972,"No",0.0687448009848595,0.103105712602716,0.0612462013959885
973,"No",0.0651648193597794,0.00650872319267712,0.0680186524987221
974,"Yes",0.103259287774563,0.0451600655958929,0.0821386203169823
975,"Yes",0.230951711535454,0.897500076404427,0.252053141593933
976,"No",0.12158939242363,0.701717575125249,0.0936510190367699
977,"No",0.106786295771599,0.211954743398069,0.114228866994381
978,"No",0.193597972393036,1,0.15671244263649
979,"No",0.196054458618164,0.668750184508729,0.214881643652916
980,"No",0.115208230912685,0,0.101914413273335
981,"No",0.100376412272453,0.989571825172682,0.126072600483894
982,"No",0.06174086779356,0.0075009639303428,0.0643199235200882
983,"No",0.18745930492878,0.0109602530892454,0.18447357416153
984,"No",0.195309728384018,0.846541581688395,0.184828624129295
985,"No",0.137072384357452,0.203134680587203,0.125043332576752
986,"Yes",0.100136205554008,0.77162976728226,0.0803923085331917
987,"No",0.157002687454224,0,0.160172373056412
988,"Yes",0.244668200612068,0.0109868494426115,0.26946297287941
989,"No",0.111087895929813,0.10274379505321,0.114052958786488
990,"No",0.174229204654694,0.211954743398069,0.188819825649261
991,"No",0.183044388890266,0.0453470283533072,0.187260165810585
992,"No",0.123242005705833,0.211954743398069,0.12596395611763
993,"No",0.390536367893219,0.997053461823523,0.333704769611359
994,"No",0.11158062517643,0.212194115513312,0.114442355930805
995,"No",0.0944053754210472,0.10274379505321,0.084865927696228
996,"No",0.0996352136135101,0.738198334673547,0.0989226773381233
997,"No",0.343398123979568,0.846541581688395,0.363568723201752
998,"No",0.249470517039299,1,0.244472429156303
999,"No",0.119297854602337,0.211954743398069,0.102923393249512
1000,"No",0.160067901015282,0.010986611400362,0.139680400490761
1001,"No",0.223585173487663,0.84653816209983,0.316661983728409
1002,"No",0.0702400654554367,0.701717575125249,0.0615859255194664
1003,"No",0.0900569409132004,0.211954743398069,0.0779372975230217
1004,"No",0.134541437029839,0.212112646068415,0.138129606842995
1005,"No",0.081363782286644,0.0453470283533072,0.0827860236167908
1006,"No",0.148187547922134,0.0453470283533072,0.126967042684555
1007,"No",0.0594377480447292,0.102743908527054,0.0612164437770844
1008,"No",0.0834143236279488,0.118941265932954,0.0959197208285332
1009,"No",0.0972807183861732,0.213712142186162,0.0749285519123077
1010,"No",0.0912134349346161,0.189788414708924,0.088944286108017
1011,"No",0.111790359020233,1,0.118487358093262
1012,"No",0.0681161880493164,0.0121713272925535,0.0529201067984104
1013,"No",0.178407087922096,0.448572361169331,0.215167656540871
1014,"Yes",0.137044966220856,0.755037358519746,0.137541204690933
1015,"No",0.056522686034441,0.10274379505321,0.0518729351460934
1016,"No",0.129770144820213,0.00427603014936234,0.11428514122963
1017,"No",0.128212109208107,0.00427604593073794,0.140435665845871
1018,"Yes",0.188522040843964,0.701717575125249,0.179087534546852
1019,"No",0.0770540535449982,0.701717575125249,0.0827335715293884
1020,"No",0.13076314330101,0.669687849168934,0.190346643328667
1021,"No",0.111641302704811,0.167357273278069,0.110439606010914
1022,"No",0.0987901166081429,0,0.0953973531723022
1023,"No",0.0700147971510887,0.10274379505321,0.0608948096632957
1024,"No",0.0951184779405594,0.129622834244634,0.102428525686264
1025,"No",0.15284463763237,0.167357273278069,0.166287824511528
1026,"No",0.131463348865509,0.0453477520760506,0.137942716479301
1027,"No",0.111138246953487,0.203134680587203,0.113644279539585
1028,"No",0.130041420459747,0.611092340129736,0.117200620472431
1029,"No",0.0721918344497681,0.755834341587715,0.0844481140375137
1030,"No",0.220468834042549,0.690236160997982,0.231341570615768
1031,"No",0.111218512058258,0.0453470283533072,0.108264267444611
1032,"No",0.131799697875977,0.806919189590027,0.125753134489059
1033,"No",0.139311656355858,0.846541581688395,0.139189258217812
1034,"Yes",0.101906932890415,0.690590142651451,0.0953492000699043
1035,"Yes",0.166466310620308,1,0.16387964785099
1036,"No",0.0882021635770798,0.352113612772725,0.0844416990876198
1037,"No",0.140647903084755,0.0109912904224064,0.139177769422531
1038,"Yes",0.0665434151887894,0.0351169212008976,0.0710306316614151
1039,"No",0.083288811147213,0.211954743398069,0.0796753391623497
1040,"Yes",0.128965616226196,0.998079753683476,0.143548965454102
1041,"No",0.109417162835598,0.820441194624737,0.124061234295368
1042,"No",0.208687201142311,0.738210577096861,0.204507261514664
1043,"No",0.175621300935745,0.00650872319267712,0.184537544846535
1044,"No",0.13601490855217,0.806919189590027,0.17457415163517
1045,"Yes",0.0782040059566498,0.0346890393044719,0.0875949338078499
1046,"No",0.243958845734596,0.779385564890762,0.226505652070045
1047,"No",0.215011760592461,0.806889674352643,0.187866404652596
1048,"No",0.0880674570798874,0.000233885705089974,0.0740348473191261
1049,"No",0.165447935461998,0.755897243813295,0.144026979804039
1050,"No",0.275030165910721,0.989027399436741,0.259874671697617
1051,"No",0.050058513879776,0.00427603014936234,0.0459091775119305
1052,"No",0.0680065229535103,0.00427603014936234,0.0684180483222008
1053,"No",0.085860550403595,0.00054133794915583,0.0820853188633919
1054,"No",0.10287220031023,0,0.10218358039856
1055,"Yes",0.110190697014332,0.0109868025750999,0.113706059753895
1056,"No",0.0837033540010452,0.73617537991432,0.110842272639275
1057,"No",0.0955957546830177,0.326093756095148,0.0963208451867104
1058,"No",0.106959544122219,0.00650872319267712,0.0877547040581703
1059,"No",0.114244200289249,0.20888959755205,0.102293260395527
1060,"No",0.110137827694416,1,0.110168911516666
1061,"Yes",0.313355773687363,0.755897902157261,0.326577484607697
1062,"No",0.106369234621525,0.657360389638514,0.0840815156698227
1063,"No",0.120997704565525,0.781914918668751,0.106090508401394
1064,"No",0.129125848412514,0.755897902157261,0.134178906679153
1065,"No",0.100971043109894,0.755897902157261,0.0955099985003471
1066,"No",0.168746456503868,1,0.146605357527733
1067,"No",0.268335998058319,0.669687849168934,0.320503562688828
1068,"No",0.0901409313082695,0,0.108750507235527
1069,"No",0.152334913611412,0.701717575125249,0.183348953723907
1070,"No",0.0615795142948627,0.105482899878385,0.0577311590313911
1071,"No",0.107895687222481,0.999815799709292,0.0871168449521065
1072,"No",0.251397132873535,0.203134680587203,0.218674063682556
1073,"No",0.0934733524918556,0.119887757788657,0.0968194678425789
1074,"No",0.12531241774559,0,0.144387736916542
1075,"No",0.100936457514763,0.211954743398069,0.0941621661186218
1076,"Yes",0.165921851992607,0,0.115611992776394
1077,"No",0.0740183889865875,0.10274379505321,0.0683639347553253
1078,"Yes",0.159819588065147,0.669679282417146,0.169082120060921
1079,"No",0.0715792179107666,0.0453470283533072,0.0736309066414833
1080,"No",0.105443052947521,0.119887757788657,0.088874563574791
1081,"No",0.0937090367078781,0.129626100168434,0.0854124426841736
1082,"No",0.06089186668396,0.773553820143196,0.0628871247172356
1083,"No",0.182088807225227,0.738198334673547,0.156386688351631
1084,"No",0.153609290719032,0.211954743398069,0.153130859136581
1085,"No",0.0707640126347542,0.324832597242678,0.0614097341895103
1086,"No",0.0682316720485687,0.738198334673547,0.0735221952199936
1087,"No",0.0854166075587273,0.012171202487659,0.0982658118009567
1088,"No",0.246122851967812,0.572703441762429,0.21339949965477
1089,"No",0.122271649539471,0.00427612131396182,0.111804790794849
1090,"No",0.142170190811157,0.0453470283533072,0.168725609779358
1091,"No",0.0531364344060421,0.0122528489221326,0.0407394394278526
1092,"No",0.117940209805965,0,0.122439034283161
1093,"No",0.112648345530033,0,0.122087463736534
1094,"No",0.240930214524269,0.663405941627482,0.238370582461357
1095,"No",0.0864898189902306,0.00650872319267712,0.112780325114727
1096,"No",0.0684168934822083,0.10274379505321,0.0691860392689705
1097,"No",0.117176569998264,0.26290223648193,0.119954138994217
1098,"Yes",0.279814779758453,0.701717575125249,0.35768935084343
1099,"No",0.105175755918026,0.846459763103484,0.106314070522785
1100,"Yes",0.15182326734066,1,0.137564167380333
1101,"No",0.0803271159529686,0.820441194624737,0.0779633596539497
1102,"Yes",0.0610748045146465,0.0121712168967288,0.0595872364938259
1103,"No",0.109221823513508,0.203134680587203,0.112066216766834
1104,"No",0.249039009213448,1,0.24845564365387
1105,"No",0.133450374007225,0.0109868025750999,0.134573519229889
1106,"No",0.0860395953059196,0.167357273278069,0.0905892252922058
1107,"No",0.201044052839279,0.806916808856533,0.183491408824921
1108,"No",0.17913393676281,0,0.18419823050499
1109,"No",0.154517710208893,0.0453469439424414,0.144705787301064
1110,"No",0.098975345492363,1,0.129071623086929
1111,"No",0.0608432367444038,0.119887757788657,0.05562948808074
1112,"No",0.148911505937576,0.669408013393143,0.17945171892643
1113,"No",0.0814409926533699,0.352012756541949,0.0720109865069389
1114,"No",0.091154508292675,0.00054133794915583,0.0863042995333672
1115,"No",0.16159525513649,0.701717575125249,0.180126324295998
1116,"No",0.067977100610733,0.785126894514082,0.0759319067001343
1117,"No",0.207005903124809,0.203134680587203,0.161384910345078
1118,"No",0.0784889981150627,0.00427603014936234,0.0622089989483356
1119,"Yes",0.0616466514766216,0.00651701756482938,0.066567599773407
1120,"No",0.107617408037186,0.738198334673547,0.118442490696907
1121,"No",0.189989849925041,0.701717575125249,0.202534899115562
1122,"No",0.140303820371628,0.00428613051177073,0.132361099123955
1123,"No",0.0639990568161011,0.00650872319267712,0.0665700808167458
1124,"No",0.376048862934113,0.216253097614422,0.442464113235474
1125,"Yes",0.104738734662533,0.00427603014936234,0.10424192994833
1126,"No",0.10788856446743,0.205762463620001,0.112561151385307
1127,"No",0.106293246150017,0.484865273477883,0.111519031226635
1128,"No",0.0824140533804893,0,0.0838950201869011
1129,"No",0.23556661605835,0.989582938278555,0.207427188754082
1130,"No",0.395284533500671,1,0.453609257936478
1131,"Yes",0.127376347780228,0.711936720805364,0.117405503988266
1132,"No",0.0669505894184113,0,0.047209620475769
1133,"No",0.121988765895367,0.211954743398069,0.0953734293580055
1134,"Yes",0.0705046430230141,0.755897479902637,0.0743151009082794
1135,"No",0.105290427803993,0.634592923583262,0.0966905876994133
1136,"No",0.0911323055624962,0.326581768656581,0.0999816283583641
